"","MyResult_CS_est.CS_L1","MyResult_CS_est.CS_L2","MyResult_CS_est.CS_L3","MyResult_CS_est.CS_L4","MyResult_CS_est.CS_L5","MyResult_CS_est.CS_L6","MyResult_CS_est.CS_L7","MyResult_CS_est.CS_L8","MyResult_CS_est.CS_L9","MyResult_CS_est.CS_L10","MyResult_CS_est.CS_L11","MyResult_CS_est.CS_L12","MyResult_CS_est.CS_Theta1","MyResult_CS_est.CS_Theta2","MyResult_CS_est.CS_Theta3","MyResult_CS_est.CS_Theta4","MyResult_CS_est.CS_Theta5","MyResult_CS_est.CS_Theta6","MyResult_CS_est.CS_Theta7","MyResult_CS_est.CS_Theta8","MyResult_CS_est.CS_Theta9","MyResult_CS_est.CS_Theta10","MyResult_CS_est.CS_Theta11","MyResult_CS_est.CS_Theta12","MyResult_CS_est.CS_C1","MyResult_CS_est.CS_Errvar1","MyResult_CS_est.CS_Errvar2","MyResult_CS_est.CS_Errvar3","MyResult_CS_est.CS_Errvar4","MyResult_CS_est.CS_Errvar5","MyResult_CS_est.CS_Errvar6","MyResult_CS_est.CS_Errvar7","MyResult_CS_est.CS_Errvar8","MyResult_CS_est.CS_Errvar9","MyResult_CS_est.CS_Errvar10","MyResult_CS_est.CS_Errvar11","MyResult_CS_est.CS_Errvar12"
"1",0.617545159899436,0.628167170758882,0.563775026984228,0.562068581147567,0.543396498722601,0.515789403794244,0.776606520214009,0.85111438093985,0.663385728408411,0.71691712137628,0.559038292781033,0.594520263624037,0.346650076080188,0.335452566332687,0.360537106834703,0.395716353944028,0.414364469775933,0.383142053977675,0.411291285344566,0.361668896950805,0.516713836058191,0.511906923660208,0.62691822544296,0.491749071333561,0.290682685526832,2.44500452270279,2.51500045788736,2.49999943777359,2.50999364035265,2.47999991309907,2.50000049786437,0.0507669400037468,-0.0646353946797879,0.0424955185677364,0.0919359023627961,0.010202610088181,-0.094856583054441
"2",0.59061529468802,0.556444553596115,0.466466663975766,0.585159267316039,0.532475168921992,0.521709311615113,0.888540417397561,0.662847089767029,0.656584940164042,0.684188437356522,0.482315460407207,0.512260060600655,0.340626835400739,0.366490966640459,0.498933274243563,0.367081675830129,0.355715257809869,0.375624509317612,0.319928037234649,0.479969908137016,0.531100645942076,0.511692940722865,0.578753275904994,0.553468012661404,0.312653098151787,2.45999302744333,2.43499119819193,2.43499194946196,2.4699902693411,2.48499494038749,2.47999111741855,-0.0188409142312591,-0.0264079632750269,0.00213169015509386,0.0551297764358728,0.00810965114818735,-0.12329267765237
