"","MyResult_CS_err.CS_L_SE1","MyResult_CS_err.CS_L_SE2","MyResult_CS_err.CS_L_SE3","MyResult_CS_err.CS_L_SE4","MyResult_CS_err.CS_L_SE5","MyResult_CS_err.CS_L_SE6","MyResult_CS_err.CS_L_SE7","MyResult_CS_err.CS_L_SE8","MyResult_CS_err.CS_L_SE9","MyResult_CS_err.CS_L_SE10","MyResult_CS_err.CS_L_SE11","MyResult_CS_err.CS_L_SE12","MyResult_CS_err.CS_Theta1","MyResult_CS_err.CS_Theta2","MyResult_CS_err.CS_Theta3","MyResult_CS_err.CS_Theta4","MyResult_CS_err.CS_Theta5","MyResult_CS_err.CS_Theta6","MyResult_CS_err.CS_Theta7","MyResult_CS_err.CS_Theta8","MyResult_CS_err.CS_Theta9","MyResult_CS_err.CS_Theta10","MyResult_CS_err.CS_Theta11","MyResult_CS_err.CS_Theta12","MyResult_CS_err.CS_C_SE1","MyResult_CS_err.CS_Errvar1","MyResult_CS_err.CS_Errvar2","MyResult_CS_err.CS_Errvar3","MyResult_CS_err.CS_Errvar4","MyResult_CS_err.CS_Errvar5","MyResult_CS_err.CS_Errvar6","MyResult_CS_err.CS_Errvar7","MyResult_CS_err.CS_Errvar8","MyResult_CS_err.CS_Errvar9","MyResult_CS_err.CS_Errvar10","MyResult_CS_err.CS_Errvar11","MyResult_CS_err.CS_Errvar12"
"1",0.0512810283070187,0.048684677906239,0.0528273823080603,0.0583788232958176,0.0555000118225902,0.0502336817004565,0.0674378099302329,0.0594584470151909,0.0679988258897066,0.0722863114403425,0.0700842183287917,0.0603956451012782,0.0441059808185505,0.039098189125542,0.0395885194699699,0.0480242842373516,0.047638683171568,0.0430381045024029,0.060796054469912,0.0554377088941664,0.0513654257386279,0.0563519386576792,0.0655087094010563,0.0627543680783954,0.0794596028600661,0.0602899790980989,0.0604059235663643,0.0583095179311333,0.0595777486579451,0.0595650895447618,0.0570087730946148,0.0712453292014027,0.0737002017696042,0.0692114994178669,0.0715274950399129,0.0685176126074889,0.0650449595353444
"2",0.0557831424867162,0.0552492491661044,0.0653428351769911,0.0542832504021887,0.0539082913770991,0.0551371144713389,0.0615875012317278,0.0634877496804881,0.0654660708773784,0.0604765227421887,0.0642343122647767,0.0751691299826739,0.0485947681120973,0.048467136635953,0.0471703166031045,0.04743279410958,0.0403055318527106,0.0367760069073139,0.0553659270426537,0.0565833960482943,0.062947609692956,0.0586912303648608,0.0655906223504871,0.0581932366171922,0.083543657148928,0.05866849703705,0.0581280992583966,0.0598237882764721,0.0595440679582251,0.0565584991917849,0.0569912157435302,0.0745003739452166,0.0677914895876622,0.0693728914664307,0.0699888315024816,0.063706797655127,0.063861460101134
