"","MyResult_CS_FI.chisq.scaled","MyResult_CS_FI.df.scaled","MyResult_CS_FI.pvalue.scaled","MyResult_CS_FI.cfi.scaled","MyResult_CS_FI.srmr"
"1",17.7283823761547,12.7157785312367,0.154843186149229,0.971497505616729,0.0522174030217624
"2",19.1171719050846,12.6836400629025,0.108047727380083,0.963020161364445,0.054580541010903
