"","MyResult_CS_FI.chisq.scaled","MyResult_CS_FI.df.scaled","MyResult_CS_FI.pvalue.scaled","MyResult_CS_FI.cfi.scaled","MyResult_CS_FI.srmr"
"1",33.5841465571982,15.713718470456,0.00543163940693281,0.898658325253007,0.0661607381707097
"2",25.6472444928804,14.0101418686161,0.0288055153646853,0.935762369639916,0.0628668178737838
