"","MyResult_CS_FI.chisq.scaled","MyResult_CS_FI.df.scaled","MyResult_CS_FI.pvalue.scaled","MyResult_CS_FI.cfi.scaled","MyResult_CS_FI.srmr"
"1",16.7701106550244,9.74728553726315,0.072001135533619,0.94926369944334,0.0524665450948033
"2",19.3366206784716,9.90557721062358,0.0346788119773892,0.939606418076183,0.0560301888661038
