"","MyResult_MS_FI.chisq.scaled","MyResult_MS_FI.df.scaled","MyResult_MS_FI.pvalue.scaled","MyResult_MS_FI.cfi.scaled","MyResult_MS_FI.srmr"
"1",15.1495743739047,12.2537534395617,0.249183078906038,0.983533883293062,0.0491212376901168
"2",13.508286606682,11.4140660671734,0.290424603249376,0.987962453669612,0.0488069976033879
