"","MyResult_MS_FI.chisq.scaled","MyResult_MS_FI.df.scaled","MyResult_MS_FI.pvalue.scaled","MyResult_MS_FI.cfi.scaled","MyResult_MS_FI.srmr"
"1",17.6416219960607,12.1626256266186,0.133735860383034,0.968929078513576,0.0559765183776634
"2",18.0936541703729,13.0849413567586,0.15783825368656,0.972351550666065,0.0553822216968093
