"","MyResult_MS_FI.chisq.scaled","MyResult_MS_FI.df.scaled","MyResult_MS_FI.pvalue.scaled","MyResult_MS_FI.cfi.scaled","MyResult_MS_FI.srmr"
"1",14.4499396967563,9.2172183567331,0.116407689309637,0.962196278821578,0.0483821113097266
"2",9.04067222310955,8.3176841769773,0.368609688847315,0.9953702007691,0.0404747529742495
