"","chisq.scaled","df.scaled","pvalue.scaled","cfi.scaled","srmr"
"1",NA,NA,NA,NA,NA
"2",NA,NA,NA,NA,NA
"3",41.7311803165469,31.8249824787786,0.112403200697195,0.964385723860125,0.0793997594251607
