"","MyResult_MS_est.MS_L1","MyResult_MS_est.MS_L2","MyResult_MS_est.MS_L3","MyResult_MS_est.MS_L4","MyResult_MS_est.MS_L5","MyResult_MS_est.MS_L6","MyResult_MS_est.MS_La","MyResult_MS_est.MS_L7","MyResult_MS_est.MS_L8","MyResult_MS_est.MS_L9","MyResult_MS_est.MS_L10","MyResult_MS_est.MS_L11","MyResult_MS_est.MS_L12","MyResult_MS_est.MS_Theta1","MyResult_MS_est.MS_Theta2","MyResult_MS_est.MS_Theta3","MyResult_MS_est.MS_Theta4","MyResult_MS_est.MS_Theta5","MyResult_MS_est.MS_Theta6","MyResult_MS_est.MS_Theta7","MyResult_MS_est.MS_Theta8","MyResult_MS_est.MS_Theta9","MyResult_MS_est.MS_Theta10","MyResult_MS_est.MS_Theta11","MyResult_MS_est.MS_Theta12","MyResult_MS_est.MS_C1","MyResult_MS_est.MS_Errvar1","MyResult_MS_est.MS_Errvar2","MyResult_MS_est.MS_Errvar3","MyResult_MS_est.MS_Errvar4","MyResult_MS_est.MS_Errvar5","MyResult_MS_est.MS_Errvar6","MyResult_MS_est.MS_Errvar7","MyResult_MS_est.MS_Errvar8","MyResult_MS_est.MS_Errvar9","MyResult_MS_est.MS_Errvar10","MyResult_MS_est.MS_Errvar11","MyResult_MS_est.MS_Errvar12"
"1",0.623098364021866,0.630726936479256,0.562912944743813,0.5695163679364,0.547232276196329,0.467164568741775,0.110406785866611,0.777286894542088,0.850377265925919,0.663378625689706,0.716392602980511,0.558835120238894,0.59531149076835,0.339386388198884,0.331804576171173,0.361338697612835,0.387025696517528,0.410000263776091,0.392767753372068,0.410185473554671,0.362984816892532,0.516744437881484,0.512673177242672,0.627147041887831,0.490767970073243,0.261257649527841,2.44501441346892,2.51499956180345,2.50000093463145,2.51000579747174,2.47999028189268,2.49999193438191,0.0507669365466514,-0.0646354045481697,0.0424955148603424,0.0919358975479391,0.0102026065072208,-0.0948565867164599
"2",0.604764420919753,0.561804902187101,0.479046933632763,0.592309708795046,0.537466024321336,0.424465079856399,0.21696560209122,0.885013069625543,0.663429989683454,0.657340804982853,0.683886748610992,0.481878415140068,0.517761575818421,0.323149809615676,0.360001803624108,0.486789550981207,0.358076243511114,0.350090317898407,0.376515117950159,0.326455693321388,0.47920877994793,0.530199799744004,0.512211881051881,0.579238748311048,0.547654170922947,0.248857923016068,2.45999443259073,2.43500259702794,2.43499655166777,2.46999965023134,2.48501066550013,2.48001315368697,-0.0188411286002332,-0.0264081070521278,0.00213152592801459,0.0551296033171162,0.00810951829268084,-0.123292813245445
