"","PML_MS_L1","PML_MS_L2","PML_MS_L3","PML_MS_L4","PML_MS_L5","PML_MS_L6","PML_MS_La","PML_MS_L7","PML_MS_L8","PML_MS_L9","PML_MS_L10","PML_MS_L11","PML_MS_L12","PML_MS_Ti1","PML_MS_Ti2","PML_MS_Ti3","PML_MS_Ti4","PML_MS_Ti5","PML_MS_Ti6","PML_MS_Ti7","PML_MS_Ti8","PML_MS_Ti9","PML_MS_Ti10","PML_MS_Ti11","PML_MS_Ti12","PML_MS_C1"
"1",NA,NA,NA,NA,NA,NA,NA,NA,NA,NA,NA,NA,NA,NA,NA,NA,NA,NA,NA,NA,NA,NA,NA,NA,NA,NA
"2",NA,NA,NA,NA,NA,NA,NA,NA,NA,NA,NA,NA,NA,NA,NA,NA,NA,NA,NA,NA,NA,NA,NA,NA,NA,NA
"3",0.798401134179417,0.799259387555694,0.721905197457471,0.63609219714841,0.589670242906667,0.574994080743394,0.275029043630655,0.650457510309023,0.851068966774212,0.869842877326731,0.746168014771147,0.733210199504236,0.760266701232343,-0.0752725674423306,-0.138254441408323,-0.0753432265012537,-0.113012491506103,0.0627151146376538,0.0375924770978527,-1.98752367472193e-05,-0.075132337172818,-0.0125356708836235,0.100426896571935,0.113075439605004,-0.0125505304197145,0.289972999170284
