"","PML_CS_L1","PML_CS_L2","PML_CS_L3","PML_CS_L4","PML_CS_L5","PML_CS_L6","PML_CS_L7","PML_CS_L8","PML_CS_L9","PML_CS_L10","PML_CS_L11","PML_CS_L12","PML_CS_Ti1","PML_CS_Ti2","PML_CS_Ti3","PML_CS_Ti4","PML_CS_Ti5","PML_CS_Ti6","PML_CS_Ti7","PML_CS_Ti8","PML_CS_Ti9","PML_CS_Ti10","PML_CS_Ti11","PML_CS_Ti12","PML_CS_C1"
"1",NA,NA,NA,NA,NA,NA,NA,NA,NA,NA,NA,NA,NA,NA,NA,NA,NA,NA,NA,NA,NA,NA,NA,NA,NA
"2",NA,NA,NA,NA,NA,NA,NA,NA,NA,NA,NA,NA,NA,NA,NA,NA,NA,NA,NA,NA,NA,NA,NA,NA,NA
"3",0.784027646359428,0.773151995068556,0.707770884482961,0.615765440623483,0.575220749217122,0.737286228150392,0.647463379098712,0.849614076708336,0.874048728996279,0.746663112393386,0.733635588761834,0.758294898184129,-0.0751859684061652,-0.13818136675559,-0.0752645815922267,-0.112967714406905,0.0627644193121085,0.037450530507835,-2.70014707004426e-05,-0.075155948777207,-0.0125657602626691,0.100418348098011,0.113072298699751,-0.0125543778630646,0.354459336374345
