"","PML_MS_L_SE1","PML_MS_L_SE2","PML_MS_L_SE3","PML_MS_L_SE4","PML_MS_L_SE5","PML_MS_L_SE6","PML_MS_L_SEa","PML_MS_L_SE7","PML_MS_L_SE8","PML_MS_L_SE9","PML_MS_L_SE10","PML_MS_L_SE11","PML_MS_L_SE12","PML_MS_T_SEi1","PML_MS_T_SEi2","PML_MS_T_SEi3","PML_MS_T_SEi4","PML_MS_T_SEi5","PML_MS_T_SEi6","PML_MS_T_SEi7","PML_MS_T_SEi8","PML_MS_T_SEi9","PML_MS_T_SEi10","PML_MS_T_SEi11","PML_MS_T_SEi12","PML_MS_C_SE1"
"1",NA,NA,NA,NA,NA,NA,NA,NA,NA,NA,NA,NA,NA,NA,NA,NA,NA,NA,NA,NA,NA,NA,NA,NA,NA,NA
"2",NA,NA,NA,NA,NA,NA,NA,NA,NA,NA,NA,NA,NA,NA,NA,NA,NA,NA,NA,NA,NA,NA,NA,NA,NA,NA
"3",0.067143133706771,0.0676826929781441,0.0733548294729176,0.0842459665647387,0.0830947893571392,0.0857696223783898,0.0971904601707866,0.0743772780100917,0.0532650864761076,0.0541886682184634,0.0644921699421805,0.0633312077971802,0.0625200571932274,0.0887072949367522,0.0889136120508089,0.0887148074371961,0.0888207470532033,0.0886871639838617,0.0886439931716145,0.0886149671517195,0.0886869692506871,0.08857432814228,0.0887698574609165,0.0888385021093052,0.0886194307976466,0.0976006073608812
