"","PML_CS_L_SE1","PML_CS_L_SE2","PML_CS_L_SE3","PML_CS_L_SE4","PML_CS_L_SE5","PML_CS_L_SE6","PML_CS_L_SE7","PML_CS_L_SE8","PML_CS_L_SE9","PML_CS_L_SE10","PML_CS_L_SE11","PML_CS_L_SE12","PML_CS_T_SEi1","PML_CS_T_SEi2","PML_CS_T_SEi3","PML_CS_T_SEi4","PML_CS_T_SEi5","PML_CS_T_SEi6","PML_CS_T_SEi7","PML_CS_T_SEi8","PML_CS_T_SEi9","PML_CS_T_SEi10","PML_CS_T_SEi11","PML_CS_T_SEi12","PML_CS_C_SE1"
"1",NA,NA,NA,NA,NA,NA,NA,NA,NA,NA,NA,NA,NA,NA,NA,NA,NA,NA,NA,NA,NA,NA,NA,NA,NA
"2",NA,NA,NA,NA,NA,NA,NA,NA,NA,NA,NA,NA,NA,NA,NA,NA,NA,NA,NA,NA,NA,NA,NA,NA,NA
"3",0.0659048098200963,0.0701920953422656,0.0741402686781966,0.0856535640248248,0.0842118404707256,0.0728864717382872,0.0748117606447211,0.0541546023617045,0.0543539654555295,0.0649387368445858,0.0635376803461472,0.0631241537677049,0.0886975614304846,0.0889022131047448,0.0887064458175808,0.0888155004440922,0.0886799630307221,0.0886657021491304,0.0886124101416391,0.0886838946746699,0.0885752638448898,0.0887676266906609,0.0888371232351522,0.0886198996301333,0.0929516235034467
