"","WLS_CS_L_SE1","WLS_CS_L_SE2","WLS_CS_L_SE3","WLS_CS_L_SE4","WLS_CS_L_SE5","WLS_CS_L_SE6","WLS_CS_L_SE7","WLS_CS_L_SE8","WLS_CS_L_SE9","WLS_CS_L_SE10","WLS_CS_L_SE11","WLS_CS_L_SE12","WLS_CS_T_SEi1","WLS_CS_T_SEi2","WLS_CS_T_SEi3","WLS_CS_T_SEi4","WLS_CS_T_SEi5","WLS_CS_T_SEi6","WLS_CS_T_SEi7","WLS_CS_T_SEi8","WLS_CS_T_SEi9","WLS_CS_T_SEi10","WLS_CS_T_SEi11","WLS_CS_T_SEi12","WLS_CS_C_SE1"
"1",NA,NA,NA,NA,NA,NA,NA,NA,NA,NA,NA,NA,NA,NA,NA,NA,NA,NA,NA,NA,NA,NA,NA,NA,NA
"2",NA,NA,NA,NA,NA,NA,NA,NA,NA,NA,NA,NA,NA,NA,NA,NA,NA,NA,NA,NA,NA,NA,NA,NA,NA
"3",0.0633974443091548,0.0653913559713876,0.0733894448149452,0.0804118325126685,0.0827972989001258,0.0697041555568783,0.0731375796310285,0.0500193156356898,0.0482575130944789,0.0617528954656688,0.0644787345435051,0.0617165094217676,0.0889365992177913,0.0891545468960653,0.0889365992177913,0.0890516540077428,0.088908586522058,0.0888679187372325,0.0888450835914195,0.0889365992177913,0.0888476193932335,0.0890081021935353,0.0890516540077427,0.0888476193932335,0.0873479681276376
