"","WLS_CS_L1","WLS_CS_L2","WLS_CS_L3","WLS_CS_L4","WLS_CS_L5","WLS_CS_L6","WLS_CS_L7","WLS_CS_L8","WLS_CS_L9","WLS_CS_L10","WLS_CS_L11","WLS_CS_L12","WLS_CS_Ti1","WLS_CS_Ti2","WLS_CS_Ti3","WLS_CS_Ti4","WLS_CS_Ti5","WLS_CS_Ti6","WLS_CS_Ti7","WLS_CS_Ti8","WLS_CS_Ti9","WLS_CS_Ti10","WLS_CS_Ti11","WLS_CS_Ti12","WLS_CS_C1"
"1",NA,NA,NA,NA,NA,NA,NA,NA,NA,NA,NA,NA,NA,NA,NA,NA,NA,NA,NA,NA,NA,NA,NA,NA,NA
"2",NA,NA,NA,NA,NA,NA,NA,NA,NA,NA,NA,NA,NA,NA,NA,NA,NA,NA,NA,NA,NA,NA,NA,NA,NA
"3",0.784301331921762,0.776770114709129,0.708342465066935,0.616123929014217,0.574621077782494,0.74899608485295,0.65053708040131,0.851940950006685,0.87673482465967,0.755639371170984,0.733862010506881,0.763168167970995,-0.0752698620998299,-0.138304207961404,-0.0752698620998299,-0.113038540644565,0.0627067779432138,0.0376082876612559,0,-0.0752698620998299,-0.0125334695080693,0.10043372051147,0.113038540644565,-0.0125334695080693,0.363978605766924
