"","WLS_MS_L1","WLS_MS_L2","WLS_MS_L3","WLS_MS_L4","WLS_MS_L5","WLS_MS_L6","WLS_MS_La","WLS_MS_L7","WLS_MS_L8","WLS_MS_L9","WLS_MS_L10","WLS_MS_L11","WLS_MS_L12","WLS_MS_Ti1","WLS_MS_Ti2","WLS_MS_Ti3","WLS_MS_Ti4","WLS_MS_Ti5","WLS_MS_Ti6","WLS_MS_Ti7","WLS_MS_Ti8","WLS_MS_Ti9","WLS_MS_Ti10","WLS_MS_Ti11","WLS_MS_Ti12","WLS_MS_C1"
"1",NA,NA,NA,NA,NA,NA,NA,NA,NA,NA,NA,NA,NA,NA,NA,NA,NA,NA,NA,NA,NA,NA,NA,NA,NA,NA
"2",NA,NA,NA,NA,NA,NA,NA,NA,NA,NA,NA,NA,NA,NA,NA,NA,NA,NA,NA,NA,NA,NA,NA,NA,NA,NA
"3",0.802275202348219,0.798798722223998,0.725436046108608,0.636717582518609,0.590459564855974,0.572679514641561,0.27725290140589,0.65296395902674,0.852922366683953,0.874959784538086,0.755503296073655,0.732654146446947,0.763782090230795,-0.0752698620998299,-0.138304207961404,-0.0752698620998299,-0.113038540644565,0.0627067779432138,0.0376082876612559,0,-0.0752698620998299,-0.0125334695080693,0.10043372051147,0.113038540644565,-0.0125334695080693,0.294762174161463
