"","WLS_MS_L_SE1","WLS_MS_L_SE2","WLS_MS_L_SE3","WLS_MS_L_SE4","WLS_MS_L_SE5","WLS_MS_L_SE6","WLS_MS_L_SEa","WLS_MS_L_SE7","WLS_MS_L_SE8","WLS_MS_L_SE9","WLS_MS_L_SE10","WLS_MS_L_SE11","WLS_MS_L_SE12","WLS_MS_T_SEi1","WLS_MS_T_SEi2","WLS_MS_T_SEi3","WLS_MS_T_SEi4","WLS_MS_T_SEi5","WLS_MS_T_SEi6","WLS_MS_T_SEi7","WLS_MS_T_SEi8","WLS_MS_T_SEi9","WLS_MS_T_SEi10","WLS_MS_T_SEi11","WLS_MS_T_SEi12","WLS_MS_C_SE1"
"1",NA,NA,NA,NA,NA,NA,NA,NA,NA,NA,NA,NA,NA,NA,NA,NA,NA,NA,NA,NA,NA,NA,NA,NA,NA,NA
"2",NA,NA,NA,NA,NA,NA,NA,NA,NA,NA,NA,NA,NA,NA,NA,NA,NA,NA,NA,NA,NA,NA,NA,NA,NA,NA
"3",0.0653810683846302,0.0657262673819622,0.0737840937604609,0.0810026461507778,0.0830241620040551,0.0855157664849131,0.0977156058478697,0.0728834277867518,0.049291437698929,0.0479562027890761,0.0614495811639274,0.0642227767978712,0.0610328478911425,0.0889365992177913,0.0891545468960653,0.0889365992177913,0.0890516540077428,0.088908586522058,0.0888679187372325,0.0888450835914195,0.0889365992177913,0.0888476193932335,0.0890081021935353,0.0890516540077427,0.0888476193932335,0.0956154469558321
